Workbook

Sheet TABLAS 
B1: Instrucciones | C1: 1.- En esta sección se pueden renombrar las tablas considerando las buenas prácticas y nomenclatura sugeridas. Nota: Utilización obligatoria de snake_case, no debe colocar nombres muy largos o muy cortos. 2.- Presentar (como tablas) las entidades resultantes del Modelo Relacional 3.- Presentar (como tablas) las relaciones resultantes del Modelo Relacional. Nota: Recuerde que solamente debe colocar las relaciones NO DESCARTADAS 4.- Colocar en la columna "Orígen" si la tabla es derivada de una Entidad o una Relación 5.- En las observaciones podría informar sobre claves primarias y foráneas.
A2: ENTIDADES
A3: # | B3: Tabla | C3: Descripción Tabla | D3: Origen Entidad o Relación | E3: Observaciones
A4: 1 | B4: usuario | C4: Se refiere a los usuarios del sistema de información de la Red Pascualina. Un usuario debe tener asociado un tipo de usuario. NOTA IMPORTANTE: además de tener un tipo de usuario, debe tener un rol dentro de la Red. | D4: Entidad | E4: PK = id_usuario; FK = id_tipo_usuario, id_rol;
A5: =A4+1 -> 2 | B5: rol | C5: Los roles pueden ser los siguientes: administrador (adminstra la configuración de la Red en el BackOficce), auxiliar que apoya ciertas operaciones en el BacOffice, miembro (ingresa a la Red y participa en todas las actividades inherentes a este) y visitante (usuarios especiales bajo evaluación que frecuentan la Red Social. Los ingresa el usuario Administrador | D5: Entidad | E5: PK = id_rol
A6: =A5+1 -> 3 | B6: tipo_usuario | C6: Estos son potenciales tipos de usuario: estudiante, docente, empleado, empresario, invitado, público en general, entre otros. Sirve para clasificación y estadística. Los ingresa el Usuario con Rol de Administrador. | D6: Entidad | E6: PK = id_tipo_usuario
A7: =A6+1 -> 4 | B7: perfil | C7: Compartir su área de estudio, intereses, habilidades en diferentes disciplinas o deportes, etc. Estos perfiles permiten conectar con compañeros para encontrar y seguir a otros estudiantes con intereses y/o actividades similares. | D7: Entidad | E7: PK = id_perfil
A8: =A7+1 -> 5 | B8: publicacion | C8: Compartir preguntas sobre tareas, recursos útiles, noticias de la industria tecnológica o incluso memes relevantes para la vida universitaria, entre otros. Las ingresa el usuario participante. | D8: Entidad | E8: PK = id_publicacion; FK = id_usuario
A9: =A8+1 -> 6 | B9: comentario | C9: Comentarios que se hacen a las publicaciones. Ejemplo: un estudiante publica una nota sobre la participación de Colombia en el Mundial de Fútbol; otros usuarios pueden comentar esta publicación | D9: Entidad | E9: PK = id_comentario; FK = id_usuario, id_publicacion
A10: =A9+1 -> 7 | B10: grupo | C10: Los grupos pueden ser de estudio para materias específicas, equipos para hackatones o clubes de interés (videojuegos, programación competitiva, etc.). También los empleados pueden tener sus grupos así como los docentes y los empresarios. Un grupo debe tener asociado un “Perfil”. Los ingresa el usuario participante. | D10: Entidad | E10: PK = id_grupo; FK = id_perfil
A11: =8 -> 8 | B11: servicio | C11: Los servicios los ofrece un usuario. Debe tener asociado un “Tipo de Servicio” con su descripción y precio (duración y ubicación si aplica). Los ingresa el usuario participante. | D11: Entidad | E11: PK = id_servicio; FK = id_usuario, id_tipo_servicio
A12: =9 -> 9 | B12: tipo_servicio | C12: Cambalache, cursos, tutorías, mantenimiento de vehículos, eventos, entre otros. Los tipos de servicio los registra el usuario con rol de administrador o auxiliar (si se le concede el permiso para esto). NOTA: Es general para todos. Sirve para clasificación y estadística. Los ingresa el Usuario con Rol de Administrador | D12: Entidad | E12: PK = id_tipo_servicio
A13: 10 | B13: producto | C13: Los usuarios pueden postear productos para la venta y otros usuarios pueden comprar. El producto debe tener asociado un “Tipo de Producto”. Sigue el mismo formato de los servicios y tipos de servicio. Los ingresa el usuario participante. | D13: Entidad | E13: PK = id_producto; FK = id_usuario, id_tipo_producto
A14: 11 | B14: tipo_producto | C14: Libros, motocicleta, ropa, ticket para concierto, entre otros. Sirve para clasificación y estadística. Sirve para clasificación y estadística. Los ingresa el Usuario con Rol de Administrador. | D14: Entidad | E14: PK = id_tipo_producto
A15: 12 | B15: evento | C15: Los eventos pueden ser reuniones de estudio, talleres, actividades sociales, concursos de empleo, conferencias de los docentes, entre otros. El evento debe tener asociado un tipo de evento. El usuario que publica el evento es diferente a los usuarios que participan en el mismo. Los ingresa el usuario participante. | D15: Entidad | E15: PK = id_evento; FK = id_usuario, id_tipo_evento
A16: 13 | B16: tipo_evento | C16: Al igual que los anteriores casos de servicio y productos, se cumple lo mismo. El usuario Administrador ingresa los tipos de evento. Sirve para clasificación y estadística. Los ingresa el Usuario con Rol de Administrador | D16: Entidad | E16: PK = id_tipo_evento
A17: 14 | B17: notificacion | C17: Permite avisar a los usuarios sobre nuevas publicaciones, comentarios, eventos o servicios. | D17: Entidad | E17: PK = id_notificacion; FK = id_usuario
A18: =A17+1 -> 15 | B18: reaccion | C18: Registra interacciones rápidas como “me gusta”, “me encanta”, “me sorprende” en publicaciones o comentarios. | D18: Entidad | E18: PK = id_reaccion; FK = id_usuario, id_publicacion, id_ comentario
A19: =A18+1 -> 16 | B19: mensaje_privado | C19: Comunicación directa entre dos usuarios dentro de la red. | D19: Entidad | E19: PK = id_mensaje; FK = id_emisor, id_receptor
A20: =A19+1 -> 17 | B20: amistad | C20: Representa las conexiones entre usuarios (seguimiento o amistad). | D20: Entidad | E20: PK = id_amistad; FK = id_usuario1, id_usuario2
A21: =A20+1 -> 18 | B21: historial_actividad | C21: Guarda las acciones realizadas por cada usuario (publicar, comentar, unirse a grupo, etc.). | D21: Entidad | E21: PK = id_historial; FK = id_usuario
A22: =A21+1 -> 19 | B22: usuario_grupo | C22: Un usuario pertenece a uno o varios grupos. | D22: Relacion | E22: PK = id_usuario_grupo; FK = id_usuario, id_grupo; campos: fecha_union, rol_grupo
A23: =A22+1 -> 20 | B23: evento_usuarios | C23: Un usuario participa en eventos organizados por otros. | D23: Relacion | E23: PK = id_evento_usuario; FK = id_evento, id_usuario; campos: fecha_inscripcion, asistencia
A24: =A23+1 -> 21 | B24: usuario_reaccion | C24: Un usuario reacciona a publicaciones o comentarios. | D24: Relacion | E24: PK = id_usuario_reaccion; FK = id_usuario, id_reaccion; campos: fecha_reaccion
A25: =A24+1 -> 22 | B25: usuario_amistad | C25: Un usuario establece amistad con otro usuario. | D25: Relacion | E25: PK = id_usuario_amistad; FK = id_usuario1, id_usuario2; campos: fecha_amistad, estado
A26: =A25+1 -> 23 | B26: perfil_publicacion | C26: Un perfil contiene a una o varias publicaciones, y varios perfiles pueden contener la misma publicacion | D26: Relacion | E26: PK = id_perfil_publicacion; FK = id_perfil, id_publicacion; campos: fecha_publicacion

Sheet 1FN
A1: PRIMERA FORMA NORMAL (1FN)
A2: Pasos | B2: Descripción de las acciones para llegar a 1FN
A3: 1 | B3: Al revisar todas las tablas del modelo se evidenció que cada una cuenta con claves foráneas (FK) que permiten establecer las relaciones con otras entidades de manera precisa. Además, los atributos definidos son atómicos, es decir, no existen campos multivaluados ni repetitivos. Por esta razón, todas las tablas ya cumplen con los criterios de la Primera Forma Normal (1FN), garantizando que la información se almacene de forma ordenada, sin redundancias y con integridad referencial.
A4: 2
A5: 3
A6: 4
A7: Tablas resultantes
A9: # | B9: Tabla | G9: Versión
B10: Descripción | G10: Origen (Entidad o Relación)
A11: # | B11: Atributo | C11: Descripción Atributo | G11: Observaciones | K11: Claves
A12: 1
A13: 2
A14: 3
A15: 4
A16: 5
A18: N
A21: # | B21: Tabla | G21: Versión
B22: Descripción | G22: Origen (Entidad o Relación)
A23: # | B23: Atributo | C23: Descripción Atributo | G23: Observaciones | K23: Claves
A24: 1
A25: 2
A26: 3
A27: 4
A28: 5
A30: N
A34: Puede seguir agregando tablas. Solamente tiene que copiar y pegar hacia abajo hasta que complete todas las tablas

Sheet 2FN
A1: SEGUNDA FORMA NORMAL (2FN)
A2: Pasos | B2: Descripción de las acciones para llegar de 1FN a 2FN
A3: 1 | B3: Identificar las claves primarias compuestas y los atributos que no son clave.
A4: 2 | B4: Detectar las tependencias parciales y separar esos atributos en una nueva tabla junto con la parte de la clave de la que dependen.
A5: 3 | B5: Dejar en la tabla original únicamente los atributos que dependan de toda la clave primaria.
A6: 4 | B6: Establecer una FK en la tabla original que apunte a la nueva tabla
A7: Tablas resultantes
A9: 1 | B9: Tabla | C9: ='TABLAS '!B4 -> usuario | G9: Descripción Tabla | K9: ='TABLAS '!C4 -> Se refiere a los usuarios del sistema de información de la Red Pascualina. Un usuario debe tener asociado un tipo de usuario. NOTA IMPORTANTE: además de tener un tipo de usuario, debe tener un rol dentro de la Red.
A10: # | B10: Atributo | C10: Descripción Atributo | G10: Observaciones | K10: Claves
A11: 1 | B11: id_usuario | C11: El usuario posee un documento de identificación único que permite identificarlo de manera individual dentro del sistema. Este puede corresponder a una cédula de ciudadanía, tarjeta de identidad, pasaporte u otro documento de identificación válido. El número asociado a este documento es único para cada usuario y no puede ser compartido por otra persona. | G11: ='TABLAS '!C4 -> Se refiere a los usuarios del sistema de información de la Red Pascualina. Un usuario debe tener asociado un tipo de usuario. NOTA IMPORTANTE: además de tener un tipo de usuario, debe tener un rol dentro de la Red. | K11: PK
A12: 2 | B12: id_tipo_usuario | C12: Tipo de usuario que se le asigna a cada persona, ya sea estudiante, docente, empleado, empresario, invitado, público en general, entre otros. | K12: FK
A13: 3 | B13: id_rol | C13: Rol específico que la persona tiene definido. | K13: FK
A14: 4 | B14: correo | C14: Cada usuario cuenta con una dirección de correo electrónico única, la cual permite identificarlo dentro del sistema. | K14: UK
A15: 5 | B15: nombre1 | C15: Cada usuario posee un nombre que permite identificarlo y distinguirlo dentro de la red social.
A16: 6 | B16: nombre2 | C16: Espacio no obligatorio para segundo nombre.
A17: 7 | B17: apellido1 | C17: Espacio para primer apellido.
A18: 8 | B18: apellido2 | C18: Espacio no obligatorio para segundo apellido.
A20: 2 | B20: Tabla | C20: ='TABLAS '!B5 -> rol | G20: Descripción Tabla | K20: ='TABLAS '!C5 -> Los roles pueden ser los siguientes: administrador (adminstra la configuración de la Red en el BackOficce), auxiliar que apoya ciertas operaciones en el BacOffice, miembro (ingresa a la Red y participa en todas las actividades inherentes a este) y visitante (usuarios especiales bajo evaluación que frecuentan la Red Social. Los ingresa el usuario Administrador
A21: # | B21: Atributo | C21: Descripción Atributo | G21: Observaciones | K21: Claves
A22: 1 | B22: id_rol | C22: Rol específico que la persona tiene definido. | G22: ='TABLAS '!C5 -> Los roles pueden ser los siguientes: administrador (adminstra la configuración de la Red en el BackOficce), auxiliar que apoya ciertas operaciones en el BacOffice, miembro (ingresa a la Red y participa en todas las actividades inherentes a este) y visitante (usuarios especiales bajo evaluación que frecuentan la Red Social. Los ingresa el usuario Administrador | K22: PK
A23: 2 | B23: nombre_rol | C23: Nombre que identifica el rol dentro del sistema. | K23: UK
A25: 3 | B25: Tabla | C25: ='TABLAS '!B6 -> tipo_usuario | G25: =G20 -> Descripción Tabla | K25: ='TABLAS '!C6 -> Estos son potenciales tipos de usuario: estudiante, docente, empleado, empresario, invitado, público en general, entre otros. Sirve para clasificación y estadística. Los ingresa el Usuario con Rol de Administrador.
A26: # | B26: Atributo | C26: Descripción Atributo | G26: Observaciones | K26: Claves
A27: 1 | B27: id_tipo_usuario | C27: Código que se le asigna a cada persona, ya sea estudiante, docente, empleado, empresario, invitado, público en general, entre otros y mediante el que se le identifica. | G27: ='TABLAS '!C6 -> Estos son potenciales tipos de usuario: estudiante, docente, empleado, empresario, invitado, público en general, entre otros. Sirve para clasificación y estadística. Los ingresa el Usuario con Rol de Administrador. | K27: PK
A28: 2 | B28: nombre_tipo | C28: Nombre que identifica el tipo de usuario.
A30: 4 | B30: Tabla | C30: ='TABLAS '!B7 -> perfil | G30: Descripción Tabla | K30: ='TABLAS '!C7 -> Compartir su área de estudio, intereses, habilidades en diferentes disciplinas o deportes, etc. Estos perfiles permiten conectar con compañeros para encontrar y seguir a otros estudiantes con intereses y/o actividades similares.
A31: # | B31: Atributo | C31: Descripción Atributo | G31: Observaciones | K31: Claves
A32: 1 | B32: id_perfil | C32: Identificador del perfil. | G32: ='TABLAS '!C7 -> Compartir su área de estudio, intereses, habilidades en diferentes disciplinas o deportes, etc. Estos perfiles permiten conectar con compañeros para encontrar y seguir a otros estudiantes con intereses y/o actividades similares. | K32: PK
A33: 2 | B33: =B11 -> id_usuario | C33: Usuario al que pertenece el perfil. | K33: FK
A34: 3 | B34: descripcion | C34: Texto breve que es contenido por el perfil.
A36: 5 | B36: Tabla | C36: ='TABLAS '!B8 -> publicacion | G36: Descripción Tabla | K36: ='TABLAS '!C8 -> Compartir preguntas sobre tareas, recursos útiles, noticias de la industria tecnológica o incluso memes relevantes para la vida universitaria, entre otros. Las ingresa el usuario participante.
A37: # | B37: Atributo | C37: Descripción Atributo | G37: Observaciones | K37: Claves
A38: 1 | B38: id_publicacion | C38: Identificador de la publicación. | G38: ='TABLAS '!C7 -> Compartir su área de estudio, intereses, habilidades en diferentes disciplinas o deportes, etc. Estos perfiles permiten conectar con compañeros para encontrar y seguir a otros estudiantes con intereses y/o actividades similares. | K38: PK
A39: 2 | B39: =B11 -> id_usuario | C39: Usuario que hace la publicación. | K39: FK
A40: 3 | B40: contenido | C40: Texto de la publicación.
A41: 4 | B41: fecha | C41: Fecha de publicación.
A43: 6 | B43: Tabla | C43: ='TABLAS '!B9 -> comentario | G43: Descripción Tabla | K43: ='TABLAS '!C9 -> Comentarios que se hacen a las publicaciones. Ejemplo: un estudiante publica una nota sobre la participación de Colombia en el Mundial de Fútbol; otros usuarios pueden comentar esta publicación
A44: # | B44: Atributo | C44: Descripción Atributo | G44: Observaciones | K44: Claves
A45: 1 | B45: id_comentario | C45: Identificador del comentario. | G45: ='TABLAS '!C9 -> Comentarios que se hacen a las publicaciones. Ejemplo: un estudiante publica una nota sobre la participación de Colombia en el Mundial de Fútbol; otros usuarios pueden comentar esta publicación | K45: PK
A46: 2 | B46: id_usuario | C46: Persona que realiza el comentario. | K46: FK
A47: 3 | B47: id_publicacion | C47: Publicación en la cual está el comentario. | K47: FK
A48: 4 | B48: contenido | C48: Texto del comentario.
A49: 5 | B49: fecha | C49: fecha del comentario.
A51: 7 | B51: Tabla | C51: ='TABLAS '!B10 -> grupo | G51: Descripción Tabla | K51: ='TABLAS '!C10 -> Los grupos pueden ser de estudio para materias específicas, equipos para hackatones o clubes de interés (videojuegos, programación competitiva, etc.). También los empleados pueden tener sus grupos así como los docentes y los empresarios. Un grupo debe tener asociado un “Perfil”. Los ingresa el usuario participante.
A52: # | B52: Atributo | C52: Descripción Atributo | G52: Observaciones | K52: Claves
A53: 1 | B53: id_grupo | C53: Identificador del grupo. | G53: ='TABLAS '!C10 -> Los grupos pueden ser de estudio para materias específicas, equipos para hackatones o clubes de interés (videojuegos, programación competitiva, etc.). También los empleados pueden tener sus grupos así como los docentes y los empresarios. Un grupo debe tener asociado un “Perfil”. Los ingresa el usuario participante. | K53: PK
A54: 2 | B54: id_perfil | C54: Perfil del grupo, ya sea de estudio, investigación, etc. | K54: FK
A55: 3 | B55: nombre_grupo | C55: Nombre del grupo.
A57: 8 | B57: Tabla | C57: ='TABLAS '!B11 -> servicio | G57: Descripción Tabla | K57: ='TABLAS '!C12 -> Cambalache, cursos, tutorías, mantenimiento de vehículos, eventos, entre otros. Los tipos de servicio los registra el usuario con rol de administrador o auxiliar (si se le concede el permiso para esto). NOTA: Es general para todos. Sirve para clasificación y estadística. Los ingresa el Usuario con Rol de Administrador
A58: # | B58: Atributo | C58: Descripción Atributo | G58: Observaciones | K58: Claves
A59: 1 | B59: id_servicio | C59: Identificador del servicio. | G59: ='TABLAS '!C11 -> Los servicios los ofrece un usuario. Debe tener asociado un “Tipo de Servicio” con su descripción y precio (duración y ubicación si aplica). Los ingresa el usuario participante. | K59: PK
A60: 2 | B60: id_tipo_servicio | C60: Clasificación del servicio. | K60: FK
A61: 3 | B61: id_usuario | C61: Usuario que accede al servicio o que lo ofrece. | K61: FK
A62: 4 | B62: precio | C62: Precio del servicio.
A63: 5 | B63: descripcion | C63: Descripción del servicio que se ofrece o accede.
A65: 9 | B65: Tabla | C65: ='TABLAS '!B12 -> tipo_servicio | G65: Descripción Tabla | K65: ='TABLAS '!C11 -> Los servicios los ofrece un usuario. Debe tener asociado un “Tipo de Servicio” con su descripción y precio (duración y ubicación si aplica). Los ingresa el usuario participante.
A66: # | B66: Atributo | C66: Descripción Atributo | G66: Observaciones | K66: Claves
A67: 1 | B67: id_tipo_servicio | C67: Clasificación del servicio. | G67: ='TABLAS '!C12 -> Cambalache, cursos, tutorías, mantenimiento de vehículos, eventos, entre otros. Los tipos de servicio los registra el usuario con rol de administrador o auxiliar (si se le concede el permiso para esto). NOTA: Es general para todos. Sirve para clasificación y estadística. Los ingresa el Usuario con Rol de Administrador | K67: PK
A68: 2 | B68: nombre_tipo | C68: Tipo de servicio. | K68: UK
A70: 10 | B70: Tabla | C70: ='TABLAS '!B13 -> producto | G70: Descripción Tabla | K70: ='TABLAS '!C14 -> Libros, motocicleta, ropa, ticket para concierto, entre otros. Sirve para clasificación y estadística. Sirve para clasificación y estadística. Los ingresa el Usuario con Rol de Administrador.
A71: # | B71: Atributo | C71: Descripción Atributo | G71: Observaciones | K71: Claves
A72: 1 | B72: id_producto | C72: Identificador del producto. | G72: ='TABLAS '!C13 -> Los usuarios pueden postear productos para la venta y otros usuarios pueden comprar. El producto debe tener asociado un “Tipo de Producto”. Sigue el mismo formato de los servicios y tipos de servicio. Los ingresa el usuario participante. | K72: PK
A73: 2 | B73: id_usuario | C73: Usuario que ofrece el producto. | K73: FK
A74: 3 | B74: id_tipo_producto | C74: Clasificación del producto. | K74: FK
A75: 4 | B75: descripcion | C75: Descripción del producto.
A76: 5 | B76: precio | C76: Precio del producto.
A78: 11 | B78: Tabla | C78: ='TABLAS '!B14 -> tipo_producto | G78: Descripción Tabla | K78: ='TABLAS '!C13 -> Los usuarios pueden postear productos para la venta y otros usuarios pueden comprar. El producto debe tener asociado un “Tipo de Producto”. Sigue el mismo formato de los servicios y tipos de servicio. Los ingresa el usuario participante.
A79: # | B79: Atributo | C79: Descripción Atributo | G79: Observaciones | K79: Claves
A80: 1 | B80: id_tipo_producto | C80: Clasificación del producto. | G80: ='TABLAS '!C14 -> Libros, motocicleta, ropa, ticket para concierto, entre otros. Sirve para clasificación y estadística. Sirve para clasificación y estadística. Los ingresa el Usuario con Rol de Administrador. | K80: PK
A81: 2 | B81: nombre_tipo | C81: Tipo de producto. | K81: UK
A83: 12 | B83: Tabla | C83: ='TABLAS '!B15 -> evento | G83: Descripción Tabla | K83: ='TABLAS '!C16 -> Al igual que los anteriores casos de servicio y productos, se cumple lo mismo. El usuario Administrador ingresa los tipos de evento. Sirve para clasificación y estadística. Los ingresa el Usuario con Rol de Administrador
A84: # | B84: Atributo | C84: Descripción Atributo | G84: Observaciones | K84: Claves
A85: 1 | B85: id_evento | C85: Identificador del evento. | G85: ='TABLAS '!C15 -> Los eventos pueden ser reuniones de estudio, talleres, actividades sociales, concursos de empleo, conferencias de los docentes, entre otros. El evento debe tener asociado un tipo de evento. El usuario que publica el evento es diferente a los usuarios que participan en el mismo. Los ingresa el usuario participante. | K85: PK
A86: 2 | B86: id_tipo_evento | C86: Clasificación del evento. | K86: FK
A87: 3 | B87: id_usuario | C87: Usuario el cual accede o organiza un evento. | K87: FK
A88: 4 | B88: descripcion | C88: Texto del evento.
A89: 5 | B89: fecha | C89: Fecha del evento.
A91: 13 | B91: Tabla | C91: ='TABLAS '!B16 -> tipo_evento | G91: Descripción Tabla | K91: ='TABLAS '!C15 -> Los eventos pueden ser reuniones de estudio, talleres, actividades sociales, concursos de empleo, conferencias de los docentes, entre otros. El evento debe tener asociado un tipo de evento. El usuario que publica el evento es diferente a los usuarios que participan en el mismo. Los ingresa el usuario participante.
A92: # | B92: Atributo | C92: Descripción Atributo | G92: Observaciones | K92: Claves
A93: 1 | B93: id_tipo_evento | C93: Clasificación del evento. | G93: ='TABLAS '!C16 -> Al igual que los anteriores casos de servicio y productos, se cumple lo mismo. El usuario Administrador ingresa los tipos de evento. Sirve para clasificación y estadística. Los ingresa el Usuario con Rol de Administrador | K93: PK
A94: 2 | B94: nombre_tipo | C94: Tipo de evento. | K94: UK
A96: 14 | B96: Tabla | C96: ='TABLAS '!B17 -> notificacion | G96: Descripción Tabla | K96: ='TABLAS '!C17 -> Permite avisar a los usuarios sobre nuevas publicaciones, comentarios, eventos o servicios.
A97: # | B97: Atributo | C97: Descripción Atributo | G97: Observaciones | K97: Claves
A98: 1 | B98: id_notificacion | C98: Identificador de la notificacion. | G98: ='TABLAS '!C17 -> Permite avisar a los usuarios sobre nuevas publicaciones, comentarios, eventos o servicios. | K98: PK
A99: 2 | B99: id_usuario | C99: Usuario que recibe la notificación. | K99: FK
A100: 3 | B100: mensaje | C100: Texto de la notificación.
A101: 4 | B101: fecha | C101: Fecha de la notificacion.
A103: 15 | B103: Tabla | C103: ='TABLAS '!B18 -> reaccion | G103: Descripción Tabla | K103: ='TABLAS '!C18 -> Registra interacciones rápidas como “me gusta”, “me encanta”, “me sorprende” en publicaciones o comentarios.
A104: # | B104: Atributo | C104: Descripción Atributo | G104: Observaciones | K104: Claves
A105: 1 | B105: id_reaccion | C105: Identificador de la reaccion. | G105: ='TABLAS '!C18 -> Registra interacciones rápidas como “me gusta”, “me encanta”, “me sorprende” en publicaciones o comentarios. | K105: PK
A106: 2 | B106: id_usuario | C106: Usuario que manda la reacción. | K106: FK
A107: 3 | B107: id_publicacion | C107: Publicación en la cual está la reacción. | K107: FK
A108: 4 | B108: id_comentario | C108: Comentario en el cual está la reacción. | K108: FK
A109: 5 | B109: tipo_reaccion | C109: Tipo de reacción (me gusta, me encanta, etc.)
A111: 16 | B111: Tabla | C111: ='TABLAS '!B19 -> mensaje_privado | G111: Descripción Tabla | K111: ='TABLAS '!C19 -> Comunicación directa entre dos usuarios dentro de la red.
A112: # | B112: Atributo | C112: Descripción Atributo | G112: Observaciones | K112: Claves
A113: 1 | B113: id_mensaje | C113: Identifica de forma única cada mensaje en la tabla. | G113: ='TABLAS '!C19 -> Comunicación directa entre dos usuarios dentro de la red. | K113: PK
A114: 2 | B114: contenido | C114: Texto del mensaje
A115: 3 | B115: fecha | C115: Fecha del mensaje
A116: 4 | B116: id_emisor | C116: Identifica al usuario que envía el mensaje. | K116: FK
...

Sheet 3FN
A1: TERCERA FORMA NORMAL (3FN)
A2: Pasos | B2: Descripción de las acciones para llegar de 2FN a 3FN
A3: 1 | B3: Tras el análisis realizado sobre las entidades y relaciones del modelo, se concluye que todas las tablas cumplen con la Tercera Forma Normal (3FN), ya que los atributos definidos son atómicos, las claves primarias garantizan la dependencia total de los campos, y las claves foráneas aseguran la correcta vinculación entre entidades sin generar redundancias ni dependencias transitivas. De esta manera, el diseño obtenido mantiene la integridad de los datos y ofrece una estructura óptima para la gestión de la información.
A4: 2
A5: 3
A6: 4
A7: Tablas resultantes
A10: 1 | B10: Tabla | C10: ='TABLAS '!B5 -> rol | G10: Descripción Tabla | K10: ='TABLAS '!C5 -> Los roles pueden ser los siguientes: administrador (adminstra la configuración de la Red en el BackOficce), auxiliar que apoya ciertas operaciones en el BacOffice, miembro (ingresa a la Red y participa en todas las actividades inherentes a este) y visitante (usuarios especiales bajo evaluación que frecuentan la Red Social. Los ingresa el usuario Administrador
A11: # | B11: Atributo | C11: Descripción Atributo | G11: Observaciones | K11: Claves
A12: 1 | B12: id_usuario | C12: El usuario posee un documento de identificación único que permite identificarlo de manera individual dentro del sistema. Este puede corresponder a una cédula de ciudadanía, tarjeta de identidad, pasaporte u otro documento de identificación válido. El número asociado a este documento es único para cada usuario y no puede ser compartido por otra persona. | G12: ='TABLAS '!C5 -> Los roles pueden ser los siguientes: administrador (adminstra la configuración de la Red en el BackOficce), auxiliar que apoya ciertas operaciones en el BacOffice, miembro (ingresa a la Red y participa en todas las actividades inherentes a este) y visitante (usuarios especiales bajo evaluación que frecuentan la Red Social. Los ingresa el usuario Administrador | K12: PK
A13: 2 | B13: id_tipo_usuario | C13: Tipo de usuario que se le asigna a cada persona, ya sea estudiante, docente, empleado, empresario, invitado, público en general, entre otros. | K13: FK
A14: 3 | B14: id_rol | C14: Rol específico que la persona tiene definido. | K14: FK
A15: 4 | B15: correo | C15: Cada usuario cuenta con una dirección de correo electrónico única, la cual permite identificarlo dentro del sistema. | K15: UK
A16: 5 | B16: nombre1 | C16: Cada usuario posee un nombre que permite identificarlo y distinguirlo dentro de la red social.
A17: 6 | B17: nombre2 | C17: Espacio no obligatorio para segundo nombre.
A18: 7 | B18: apellido1 | C18: Espacio para primer apellido.
A19: 8 | B19: apellido2 | C19: Espacio no obligatorio para segundo apellido.
A21: 2 | B21: Tabla | C21: ='TABLAS '!B6 -> tipo_usuario | G21: Descripción Tabla | K21: ='TABLAS '!C6 -> Estos son potenciales tipos de usuario: estudiante, docente, empleado, empresario, invitado, público en general, entre otros. Sirve para clasificación y estadística. Los ingresa el Usuario con Rol de Administrador.
A22: # | B22: Atributo | C22: Descripción Atributo | G22: Observaciones | K22: Claves
A23: 1 | B23: id_rol | C23: Rol específico que la persona tiene definido. | G23: ='TABLAS '!C6 -> Estos son potenciales tipos de usuario: estudiante, docente, empleado, empresario, invitado, público en general, entre otros. Sirve para clasificación y estadística. Los ingresa el Usuario con Rol de Administrador. | K23: PK
A24: 2 | B24: nombre_rol | C24: Nombre que identifica el rol dentro del sistema. | K24: UK
A26: 3 | B26: Tabla | C26: ='TABLAS '!B7 -> perfil | G26: =G21 -> Descripción Tabla | K26: ='TABLAS '!C7 -> Compartir su área de estudio, intereses, habilidades en diferentes disciplinas o deportes, etc. Estos perfiles permiten conectar con compañeros para encontrar y seguir a otros estudiantes con intereses y/o actividades similares.
A27: # | B27: Atributo | C27: Descripción Atributo | G27: Observaciones | K27: Claves
A28: 1 | B28: id_tipo_usuario | C28: Código que se le asigna a cada persona, ya sea estudiante, docente, empleado, empresario, invitado, público en general, entre otros y mediante el que se le identifica. | G28: ='TABLAS '!C7 -> Compartir su área de estudio, intereses, habilidades en diferentes disciplinas o deportes, etc. Estos perfiles permiten conectar con compañeros para encontrar y seguir a otros estudiantes con intereses y/o actividades similares. | K28: PK
A29: 2 | B29: nombre_tipo | C29: Nombre que identifica el tipo de usuario.
A31: 4 | B31: Tabla | C31: ='TABLAS '!B8 -> publicacion | G31: Descripción Tabla | K31: ='TABLAS '!C8 -> Compartir preguntas sobre tareas, recursos útiles, noticias de la industria tecnológica o incluso memes relevantes para la vida universitaria, entre otros. Las ingresa el usuario participante.
A32: # | B32: Atributo | C32: Descripción Atributo | G32: Observaciones | K32: Claves
A33: 1 | B33: id_perfil | C33: Identificador del perfil. | G33: ='TABLAS '!C8 -> Compartir preguntas sobre tareas, recursos útiles, noticias de la industria tecnológica o incluso memes relevantes para la vida universitaria, entre otros. Las ingresa el usuario participante. | K33: PK
A34: 2 | B34: =B12 -> id_usuario | C34: Usuario al que pertenece el perfil. | K34: FK
A35: 3 | B35: descripcion | C35: Texto breve que es contenido por el perfil.
A37: 5 | B37: Tabla | C37: ='TABLAS '!B9 -> comentario | G37: Descripción Tabla | K37: ='TABLAS '!C9 -> Comentarios que se hacen a las publicaciones. Ejemplo: un estudiante publica una nota sobre la participación de Colombia en el Mundial de Fútbol; otros usuarios pueden comentar esta publicación
A38: # | B38: Atributo | C38: Descripción Atributo | G38: Observaciones | K38: Claves
A39: 1 | B39: id_publicacion | C39: Identificador de la publicación. | G39: ='TABLAS '!C8 -> Compartir preguntas sobre tareas, recursos útiles, noticias de la industria tecnológica o incluso memes relevantes para la vida universitaria, entre otros. Las ingresa el usuario participante. | K39: PK
A40: 2 | B40: =B12 -> id_usuario | C40: Usuario que hace la publicación. | K40: FK
A41: 3 | B41: contenido | C41: Texto de la publicación.
A42: 4 | B42: fecha | C42: Fecha de publicación.
A44: 6 | B44: Tabla | C44: ='TABLAS '!B10 -> grupo | G44: Descripción Tabla | K44: ='TABLAS '!C10 -> Los grupos pueden ser de estudio para materias específicas, equipos para hackatones o clubes de interés (videojuegos, programación competitiva, etc.). También los empleados pueden tener sus grupos así como los docentes y los empresarios. Un grupo debe tener asociado un “Perfil”. Los ingresa el usuario participante.
A45: # | B45: Atributo | C45: Descripción Atributo | G45: Observaciones | K45: Claves
A46: 1 | B46: id_comentario | C46: Identificador del comentario. | G46: ='TABLAS '!C10 -> Los grupos pueden ser de estudio para materias específicas, equipos para hackatones o clubes de interés (videojuegos, programación competitiva, etc.). También los empleados pueden tener sus grupos así como los docentes y los empresarios. Un grupo debe tener asociado un “Perfil”. Los ingresa el usuario participante. | K46: PK
A47: 2 | B47: id_usuario | C47: Persona que realiza el comentario. | K47: FK
A48: 3 | B48: id_publicacion | C48: Publicación en la cual está el comentario. | K48: FK
A49: 4 | B49: contenido | C49: Texto del comentario.
A50: 5 | B50: fecha | C50: fecha del comentario.
A52: 7 | B52: Tabla | C52: ='TABLAS '!B11 -> servicio | G52: Descripción Tabla | K52: ='TABLAS '!C11 -> Los servicios los ofrece un usuario. Debe tener asociado un “Tipo de Servicio” con su descripción y precio (duración y ubicación si aplica). Los ingresa el usuario participante.
A53: # | B53: Atributo | C53: Descripción Atributo | G53: Observaciones | K53: Claves
A54: 1 | B54: id_grupo | C54: Identificador del grupo. | G54: ='TABLAS '!C11 -> Los servicios los ofrece un usuario. Debe tener asociado un “Tipo de Servicio” con su descripción y precio (duración y ubicación si aplica). Los ingresa el usuario participante. | K54: PK
A55: 2 | B55: id_perfil | C55: Perfil del grupo, ya sea de estudio, investigación, etc. | K55: FK
A56: 3 | B56: nombre_grupo | C56: Nombre del grupo.
A58: 8 | B58: Tabla | C58: ='TABLAS '!B12 -> tipo_servicio | G58: Descripción Tabla | K58: ='TABLAS '!C13 -> Los usuarios pueden postear productos para la venta y otros usuarios pueden comprar. El producto debe tener asociado un “Tipo de Producto”. Sigue el mismo formato de los servicios y tipos de servicio. Los ingresa el usuario participante.
A59: # | B59: Atributo | C59: Descripción Atributo | G59: Observaciones | K59: Claves
A60: 1 | B60: id_servicio | C60: Identificador del servicio. | G60: ='TABLAS '!C12 -> Cambalache, cursos, tutorías, mantenimiento de vehículos, eventos, entre otros. Los tipos de servicio los registra el usuario con rol de administrador o auxiliar (si se le concede el permiso para esto). NOTA: Es general para todos. Sirve para clasificación y estadística. Los ingresa el Usuario con Rol de Administrador | K60: PK
A61: 2 | B61: id_tipo_servicio | C61: Clasificación del servicio. | K61: FK
A62: 3 | B62: id_usuario | C62: Usuario que accede al servicio o que lo ofrece. | K62: FK
A63: 4 | B63: precio | C63: Precio del servicio.
A64: 5 | B64: descripcion | C64: Descripción del servicio que se ofrece o accede.
A66: 9 | B66: Tabla | C66: ='TABLAS '!B13 -> producto | G66: Descripción Tabla | K66: ='TABLAS '!C12 -> Cambalache, cursos, tutorías, mantenimiento de vehículos, eventos, entre otros. Los tipos de servicio los registra el usuario con rol de administrador o auxiliar (si se le concede el permiso para esto). NOTA: Es general para todos. Sirve para clasificación y estadística. Los ingresa el Usuario con Rol de Administrador
A67: # | B67: Atributo | C67: Descripción Atributo | G67: Observaciones | K67: Claves
A68: 1 | B68: id_tipo_servicio | C68: Clasificación del servicio. | G68: ='TABLAS '!C13 -> Los usuarios pueden postear productos para la venta y otros usuarios pueden comprar. El producto debe tener asociado un “Tipo de Producto”. Sigue el mismo formato de los servicios y tipos de servicio. Los ingresa el usuario participante. | K68: PK
A69: 2 | B69: nombre_tipo | C69: Tipo de servicio. | K69: UK
A71: 10 | B71: Tabla | C71: ='TABLAS '!B14 -> tipo_producto | G71: Descripción Tabla | K71: ='TABLAS '!C15 -> Los eventos pueden ser reuniones de estudio, talleres, actividades sociales, concursos de empleo, conferencias de los docentes, entre otros. El evento debe tener asociado un tipo de evento. El usuario que publica el evento es diferente a los usuarios que participan en el mismo. Los ingresa el usuario participante.
A72: # | B72: Atributo | C72: Descripción Atributo | G72: Observaciones | K72: Claves
A73: 1 | B73: id_producto | C73: Identificador del producto. | G73: ='TABLAS '!C14 -> Libros, motocicleta, ropa, ticket para concierto, entre otros. Sirve para clasificación y estadística. Sirve para clasificación y estadística. Los ingresa el Usuario con Rol de Administrador. | K73: PK
A74: 2 | B74: id_usuario | C74: Usuario que ofrece el producto. | K74: FK
A75: 3 | B75: id_tipo_producto | C75: Clasificación del producto. | K75: FK
A76: 4 | B76: descripcion | C76: Descripción del producto.
A77: 5 | B77: precio | C77: Precio del producto.
A79: 11 | B79: Tabla | C79: ='TABLAS '!B15 -> evento | G79: Descripción Tabla | K79: ='TABLAS '!C14 -> Libros, motocicleta, ropa, ticket para concierto, entre otros. Sirve para clasificación y estadística. Sirve para clasificación y estadística. Los ingresa el Usuario con Rol de Administrador.
A80: # | B80: Atributo | C80: Descripción Atributo | G80: Observaciones | K80: Claves
A81: 1 | B81: id_tipo_producto | C81: Clasificación del producto. | G81: ='TABLAS '!C15 -> Los eventos pueden ser reuniones de estudio, talleres, actividades sociales, concursos de empleo, conferencias de los docentes, entre otros. El evento debe tener asociado un tipo de evento. El usuario que publica el evento es diferente a los usuarios que participan en el mismo. Los ingresa el usuario participante. | K81: PK
A82: 2 | B82: nombre_tipo | C82: Tipo de producto. | K82: UK
A84: 12 | B84: Tabla | C84: ='TABLAS '!B16 -> tipo_evento | G84: Descripción Tabla | K84: ='TABLAS '!C17 -> Permite avisar a los usuarios sobre nuevas publicaciones, comentarios, eventos o servicios.
A85: # | B85: Atributo | C85: Descripción Atributo | G85: Observaciones | K85: Claves
A86: 1 | B86: id_evento | C86: Identificador del evento. | G86: ='TABLAS '!C16 -> Al igual que los anteriores casos de servicio y productos, se cumple lo mismo. El usuario Administrador ingresa los tipos de evento. Sirve para clasificación y estadística. Los ingresa el Usuario con Rol de Administrador | K86: PK
A87: 2 | B87: id_tipo_evento | C87: Clasificación del evento. | K87: FK
A88: 3 | B88: id_usuario | C88: Usuario el cual accede o organiza un evento. | K88: FK
A89: 4 | B89: descripcion | C89: Texto del evento.
A90: 5 | B90: fecha | C90: Fecha del evento.
A92: 13 | B92: Tabla | C92: ='TABLAS '!B17 -> notificacion | G92: Descripción Tabla | K92: ='TABLAS '!C16 -> Al igual que los anteriores casos de servicio y productos, se cumple lo mismo. El usuario Administrador ingresa los tipos de evento. Sirve para clasificación y estadística. Los ingresa el Usuario con Rol de Administrador
A93: # | B93: Atributo | C93: Descripción Atributo | G93: Observaciones | K93: Claves
A94: 1 | B94: id_tipo_evento | C94: Clasificación del evento. | G94: ='TABLAS '!C17 -> Permite avisar a los usuarios sobre nuevas publicaciones, comentarios, eventos o servicios. | K94: PK
A95: 2 | B95: nombre_tipo | C95: Tipo de evento. | K95: UK
A97: 14 | B97: Tabla | C97: ='TABLAS '!B18 -> reaccion | G97: Descripción Tabla | K97: ='TABLAS '!C18 -> Registra interacciones rápidas como “me gusta”, “me encanta”, “me sorprende” en publicaciones o comentarios.
A98: # | B98: Atributo | C98: Descripción Atributo | G98: Observaciones | K98: Claves
A99: 1 | B99: id_notificacion | C99: Identificador de la notificacion. | G99: ='TABLAS '!C18 -> Registra interacciones rápidas como “me gusta”, “me encanta”, “me sorprende” en publicaciones o comentarios. | K99: PK
A100: 2 | B100: id_usuario | C100: Usuario que recibe la notificación. | K100: FK
A101: 3 | B101: mensaje | C101: Texto de la notificación.
A102: 4 | B102: fecha | C102: Fecha de la notificacion.
A104: 15 | B104: Tabla | C104: ='TABLAS '!B19 -> mensaje_privado | G104: Descripción Tabla | K104: ='TABLAS '!C19 -> Comunicación directa entre dos usuarios dentro de la red.
A105: # | B105: Atributo | C105: Descripción Atributo | G105: Observaciones | K105: Claves
A106: 1 | B106: id_reaccion | C106: Identificador de la reaccion. | G106: ='TABLAS '!C19 -> Comunicación directa entre dos usuarios dentro de la red. | K106: PK
A107: 2 | B107: id_usuario | C107: Usuario que manda la reacción. | K107: FK
A108: 3 | B108: id_publicacion | C108: Publicación en la cual está la reacción. | K108: FK
A109: 4 | B109: id_comentario | C109: Comentario en el cual está la reacción. | K109: FK
A110: 5 | B110: tipo_reaccion | C110: Tipo de reacción vinculada al catálogo
A112: 16 | B112: Tabla | C112: ='TABLAS '!B20 -> amistad | G112: Descripción Tabla | K112: ='TABLAS '!C20 -> Representa las conexiones entre usuarios (seguimiento o amistad).
A113: # | B113: Atributo | C113: Descripción Atributo | G113: Observaciones | K113: Claves
A114: 1 | B114: id_mensaje | C114: Identifica de forma única cada mensaje en la tabla. | G114: ='TABLAS '!C20 -> Representa las conexiones entre usuarios (seguimiento o amistad). | K114: PK
A115: 2 | B115: contenido | C115: Texto del mensaje
A116: 3 | B116: fecha | C116: Fecha del mensaje
A117: 4 | B117: id_emisor | C117: Identifica al usuario que envía el mensaje. | K117: FK
...

Sheet DICCIONARIO DATOS (Genérico)
A1: DICCIONARIO DE DATOS
A2: Inventario de Tablas
A3: # | B3: Tabla | F3: Descripción Tabla | X3: Observaciones
A4: 1 | B4: ='2FN'!C9 -> usuario | F4: ='2FN'!K9 -> Se refiere a los usuarios del sistema de información de la Red Pascualina. Un usuario debe tener asociado un tipo de usuario. NOTA IMPORTANTE: además de tener un tipo de usuario, debe tener un rol dentro de la Red. | X4: ='2FN'!G11 -> Se refiere a los usuarios del sistema de información de la Red Pascualina. Un usuario debe tener asociado un tipo de usuario. NOTA IMPORTANTE: además de tener un tipo de usuario, debe tener un rol dentro de la Red.
A5: =A4+1 -> 2 | B5: ='2FN'!C20 -> rol | F5: ='2FN'!K20 -> Los roles pueden ser los siguientes: administrador (adminstra la configuración de la Red en el BackOficce), auxiliar que apoya ciertas operaciones en el BacOffice, miembro (ingresa a la Red y participa en todas las actividades inherentes a este) y visitante (usuarios especiales bajo evaluación que frecuentan la Red Social. Los ingresa el usuario Administrador | X5: ='2FN'!G22 -> Los roles pueden ser los siguientes: administrador (adminstra la configuración de la Red en el BackOficce), auxiliar que apoya ciertas operaciones en el BacOffice, miembro (ingresa a la Red y participa en todas las actividades inherentes a este) y visitante (usuarios especiales bajo evaluación que frecuentan la Red Social. Los ingresa el usuario Administrador
A6: =A5+1 -> 3 | B6: ='2FN'!C25 -> tipo_usuario | F6: ='2FN'!K25 -> Estos son potenciales tipos de usuario: estudiante, docente, empleado, empresario, invitado, público en general, entre otros. Sirve para clasificación y estadística. Los ingresa el Usuario con Rol de Administrador. | X6: ='2FN'!G27 -> Estos son potenciales tipos de usuario: estudiante, docente, empleado, empresario, invitado, público en general, entre otros. Sirve para clasificación y estadística. Los ingresa el Usuario con Rol de Administrador.
A7: =A6+1 -> 4 | B7: ='2FN'!C30 -> perfil | F7: ='2FN'!K30 -> Compartir su área de estudio, intereses, habilidades en diferentes disciplinas o deportes, etc. Estos perfiles permiten conectar con compañeros para encontrar y seguir a otros estudiantes con intereses y/o actividades similares. | X7: ='2FN'!G32 -> Compartir su área de estudio, intereses, habilidades en diferentes disciplinas o deportes, etc. Estos perfiles permiten conectar con compañeros para encontrar y seguir a otros estudiantes con intereses y/o actividades similares.
A8: =A7+1 -> 5 | B8: ='2FN'!C36 -> publicacion | F8: ='2FN'!K36 -> Compartir preguntas sobre tareas, recursos útiles, noticias de la industria tecnológica o incluso memes relevantes para la vida universitaria, entre otros. Las ingresa el usuario participante. | X8: ='2FN'!G38 -> Compartir su área de estudio, intereses, habilidades en diferentes disciplinas o deportes, etc. Estos perfiles permiten conectar con compañeros para encontrar y seguir a otros estudiantes con intereses y/o actividades similares.
A9: =A8+1 -> 6 | B9: ='2FN'!C43 -> comentario | F9: ='2FN'!K43 -> Comentarios que se hacen a las publicaciones. Ejemplo: un estudiante publica una nota sobre la participación de Colombia en el Mundial de Fútbol; otros usuarios pueden comentar esta publicación | X9: ='2FN'!G45 -> Comentarios que se hacen a las publicaciones. Ejemplo: un estudiante publica una nota sobre la participación de Colombia en el Mundial de Fútbol; otros usuarios pueden comentar esta publicación
A10: =A9+1 -> 7 | B10: ='2FN'!C51 -> grupo | F10: ='2FN'!K51 -> Los grupos pueden ser de estudio para materias específicas, equipos para hackatones o clubes de interés (videojuegos, programación competitiva, etc.). También los empleados pueden tener sus grupos así como los docentes y los empresarios. Un grupo debe tener asociado un “Perfil”. Los ingresa el usuario participante. | X10: ='2FN'!G53 -> Los grupos pueden ser de estudio para materias específicas, equipos para hackatones o clubes de interés (videojuegos, programación competitiva, etc.). También los empleados pueden tener sus grupos así como los docentes y los empresarios. Un grupo debe tener asociado un “Perfil”. Los ingresa el usuario participante.
A11: =A10+1 -> 8 | B11: ='2FN'!C57 -> servicio | F11: ='2FN'!K57 -> Cambalache, cursos, tutorías, mantenimiento de vehículos, eventos, entre otros. Los tipos de servicio los registra el usuario con rol de administrador o auxiliar (si se le concede el permiso para esto). NOTA: Es general para todos. Sirve para clasificación y estadística. Los ingresa el Usuario con Rol de Administrador | X11: ='2FN'!G59 -> Los servicios los ofrece un usuario. Debe tener asociado un “Tipo de Servicio” con su descripción y precio (duración y ubicación si aplica). Los ingresa el usuario participante.
A12: =A11+1 -> 9 | B12: ='2FN'!C65 -> tipo_servicio | F12: ='2FN'!K65 -> Los servicios los ofrece un usuario. Debe tener asociado un “Tipo de Servicio” con su descripción y precio (duración y ubicación si aplica). Los ingresa el usuario participante. | X12: ='2FN'!G67 -> Cambalache, cursos, tutorías, mantenimiento de vehículos, eventos, entre otros. Los tipos de servicio los registra el usuario con rol de administrador o auxiliar (si se le concede el permiso para esto). NOTA: Es general para todos. Sirve para clasificación y estadística. Los ingresa el Usuario con Rol de Administrador
A13: =A12+1 -> 10 | B13: ='2FN'!C70 -> producto | F13: ='2FN'!K70 -> Libros, motocicleta, ropa, ticket para concierto, entre otros. Sirve para clasificación y estadística. Sirve para clasificación y estadística. Los ingresa el Usuario con Rol de Administrador. | X13: ='2FN'!G72 -> Los usuarios pueden postear productos para la venta y otros usuarios pueden comprar. El producto debe tener asociado un “Tipo de Producto”. Sigue el mismo formato de los servicios y tipos de servicio. Los ingresa el usuario participante.
A14: =A13+1 -> 11 | B14: ='2FN'!C78 -> tipo_producto | F14: ='2FN'!K78 -> Los usuarios pueden postear productos para la venta y otros usuarios pueden comprar. El producto debe tener asociado un “Tipo de Producto”. Sigue el mismo formato de los servicios y tipos de servicio. Los ingresa el usuario participante. | X14: ='2FN'!G80 -> Libros, motocicleta, ropa, ticket para concierto, entre otros. Sirve para clasificación y estadística. Sirve para clasificación y estadística. Los ingresa el Usuario con Rol de Administrador.
A15: =A14+1 -> 12 | B15: ='2FN'!C83 -> evento | F15: ='2FN'!K83 -> Al igual que los anteriores casos de servicio y productos, se cumple lo mismo. El usuario Administrador ingresa los tipos de evento. Sirve para clasificación y estadística. Los ingresa el Usuario con Rol de Administrador | X15: ='2FN'!G85 -> Los eventos pueden ser reuniones de estudio, talleres, actividades sociales, concursos de empleo, conferencias de los docentes, entre otros. El evento debe tener asociado un tipo de evento. El usuario que publica el evento es diferente a los usuarios que participan en el mismo. Los ingresa el usuario participante.
A16: =A15+1 -> 13 | B16: ='2FN'!C91 -> tipo_evento | F16: ='2FN'!K91 -> Los eventos pueden ser reuniones de estudio, talleres, actividades sociales, concursos de empleo, conferencias de los docentes, entre otros. El evento debe tener asociado un tipo de evento. El usuario que publica el evento es diferente a los usuarios que participan en el mismo. Los ingresa el usuario participante. | X16: ='2FN'!G93 -> Al igual que los anteriores casos de servicio y productos, se cumple lo mismo. El usuario Administrador ingresa los tipos de evento. Sirve para clasificación y estadística. Los ingresa el Usuario con Rol de Administrador
A17: =A16+1 -> 14 | B17: ='2FN'!C96 -> notificacion | F17: ='2FN'!K96 -> Permite avisar a los usuarios sobre nuevas publicaciones, comentarios, eventos o servicios. | X17: ='2FN'!G98 -> Permite avisar a los usuarios sobre nuevas publicaciones, comentarios, eventos o servicios.
A18: =A17+1 -> 15 | B18: ='2FN'!C103 -> reaccion | F18: ='2FN'!K96 -> Permite avisar a los usuarios sobre nuevas publicaciones, comentarios, eventos o servicios. | X18: ='2FN'!G98 -> Permite avisar a los usuarios sobre nuevas publicaciones, comentarios, eventos o servicios.
A19: =A18+1 -> 16 | B19: ='2FN'!C111 -> mensaje_privado | F19: ='2FN'!K111 -> Comunicación directa entre dos usuarios dentro de la red. | X19: ='2FN'!G113 -> Comunicación directa entre dos usuarios dentro de la red.
A20: =A19+1 -> 17 | B20: ='2FN'!C119 -> amistad | F20: ='2FN'!K119 -> Representa las conexiones entre usuarios (seguimiento o amistad). | X20: ='2FN'!G121 -> Representa las conexiones entre usuarios (seguimiento o amistad).
A21: =A20+1 -> 18 | B21: ='2FN'!C126 -> historial_actividad | F21: ='2FN'!K126 -> Guarda las acciones realizadas por cada usuario (publicar, comentar, unirse a grupo, etc.). | X21: ='2FN'!G128 -> Guarda las acciones realizadas por cada usuario (publicar, comentar, unirse a grupo, etc.).
A22: =A21+1 -> 19 | B22: ='2FN'!C133 -> usuario_grupo | F22: ='2FN'!K133 -> Un usuario pertenece a uno o varios grupos. | X22: ='2FN'!G135 -> Un usuario pertenece a uno o varios grupos.
A23: =A22+1 -> 20 | B23: ='2FN'!C141 -> evento_usuarios | F23: ='2FN'!K141 -> Un usuario participa en eventos organizados por otros. | X23: ='2FN'!G143 -> Un usuario participa en eventos organizados por otros.
A24: =A23+1 -> 21 | B24: ='2FN'!C150 -> usuario_reaccion | F24: ='2FN'!K150 -> Un usuario reacciona a publicaciones o comentarios. | X24: ='2FN'!G152 -> Un usuario reacciona a publicaciones o comentarios.
A25: =A24+1 -> 22 | B25: ='2FN'!C157 -> usuario_amistad | F25: ='2FN'!K157 -> Un usuario establece amistad con otro usuario. | X25: ='2FN'!G159 -> Un usuario establece amistad con otro usuario.
A26: =A25+1 -> 23 | B26: ='2FN'!C165 -> perfil_publicacion | F26: ='2FN'!K165 -> Un perfil contiene a una o varias publicaciones, y varios perfiles pueden contener la misma publicacion | X26: ='2FN'!G167 -> Un perfil contiene a una o varias publicaciones, y varios perfiles pueden contener la misma publicacion
A28: Tablas en Detalle
A30: 1 | B30: Tabla | C30: =B4 -> usuario | G30: Descripción Tabla | K30: =F4 -> Se refiere a los usuarios del sistema de información de la Red Pascualina. Un usuario debe tener asociado un tipo de usuario. NOTA IMPORTANTE: además de tener un tipo de usuario, debe tener un rol dentro de la Red. | X30: Versión | Y30: 1
A31: # | B31: Campo | C31: Descripción Campo | G31: Tipo Dato (Genérico) | K31: Tamaño / Longitud | O31: Nulo | R31: PK | T31: FK | V31: UK | X31: Nota/Comentarios
A32: 1 | B32: id_usuario | C32: El usuario posee un documento de identificación único que permite identificarlo de manera individual dentro del sistema. Este puede corresponder a una cédula de ciudadanía, tarjeta de identidad, pasaporte u otro documento de identificación válido. El número asociado a este documento es único para cada usuario y no puede ser compartido por otra persona. | G32: AUTOINCREMENTABLE | R32: s
A33: 2 | B33: id_tipo_usuario | C33: Tipo de usuario que se le asigna a cada persona, ya sea estudiante, docente, empleado, empresario, invitado, público en general, entre otros. | G33: ENTERO | T33: s
A34: 3 | B34: id_rol | C34: Rol específico que la persona tiene definido. | G34: ENTERO | T34: s
A35: 4 | B35: correo | C35: Cada usuario cuenta con una dirección de correo electrónico única, la cual permite identificarlo dentro del sistema. | G35: ENTERO | V35: s
A36: 5 | B36: nombre1 | C36: Cada usuario posee un nombre que permite identificarlo y distinguirlo dentro de la red social. | G36: TEXTO_CORTO | O36: No
A37: 6 | B37: nombre2 | C37: Espacio no obligatorio para segundo nombre. | G37: TEXTO_CORTO | O37: No
A38: 7 | B38: apellido1 | C38: Espacio para primer apellido. | G38: TEXTO_CORTO | O38: No
A39: 8 | B39: apellido2 | C39: Espacio no obligatorio para segundo apellido. | G39: TEXTO_CORTO | O39: No
A40: NOTA: En las columnas PK, FK y UK debe colocar “S” solamente cuando aplique. En la columna “Nulo” coloque “No” en caso de que el campo debe estar valorizado
A42: 2 | B42: Tabla | C42: =B5 -> rol | G42: Descripción Tabla | K42: =F5 -> Los roles pueden ser los siguientes: administrador (adminstra la configuración de la Red en el BackOficce), auxiliar que apoya ciertas operaciones en el BacOffice, miembro (ingresa a la Red y participa en todas las actividades inherentes a este) y visitante (usuarios especiales bajo evaluación que frecuentan la Red Social. Los ingresa el usuario Administrador | X42: Versión | Y42: 1
A43: # | B43: Campo | C43: Descripción Campo | G43: Tipo Dato (Genérico) | K43: Tamaño / Longitud | O43: Nulo | R43: PK | T43: FK | V43: UK | X43: Nota/Comentarios
A44: 1 | B44: id_rol | C44: Rol específico que la persona tiene definido. | G44: AUTOINCREMENTABLE | R44: s
A45: 2 | B45: nombre_rol | C45: Nombre que identifica el rol dentro del sistema. | G45: TEXTO_CORTO | V45: s
A47: 3 | B47: Tabla | C47: =B6 -> tipo_usuario | G47: Descripción Tabla | K47: =F6 -> Estos son potenciales tipos de usuario: estudiante, docente, empleado, empresario, invitado, público en general, entre otros. Sirve para clasificación y estadística. Los ingresa el Usuario con Rol de Administrador. | X47: Versión | Y47: 1
A48: # | B48: Campo | C48: Descripción Campo | G48: Tipo Dato (Genérico) | K48: Tamaño / Longitud | O48: Nulo | R48: PK | T48: FK | V48: UK | X48: Nota/Comentarios
A49: 1 | B49: id_tipo_usuario | C49: Código que se le asigna a cada persona, ya sea estudiante, docente, empleado, empresario, invitado, público en general, entre otros y mediante el que se le identifica. | G49: AUTOINCREMENTABLE | R49: s
A50: 2 | B50: nombre_tipo | C50: Nombre que identifica el tipo de usuario. | G50: TEXTO_CORTO | O50: No
A52: 4 | B52: Tabla | C52: =B7 -> perfil | G52: Descripción Tabla | K52: =F7 -> Compartir su área de estudio, intereses, habilidades en diferentes disciplinas o deportes, etc. Estos perfiles permiten conectar con compañeros para encontrar y seguir a otros estudiantes con intereses y/o actividades similares. | X52: Versión | Y52: 1
A53: # | B53: Campo | C53: Descripción Campo | G53: Tipo Dato (Genérico) | K53: Tamaño / Longitud | O53: Nulo | R53: PK | T53: FK | V53: UK | X53: Nota/Comentarios
A54: 1 | B54: id_perfil | C54: Identificador del perfil. | G54: AUTOINCREMENTABLE | R54: s
A55: 2 | B55: id_usuario | C55: Usuario al que pertenece el perfil. | G55: ENTERO | T55: s
A56: 3 | B56: descripcion | C56: Texto breve que es contenido por el perfil. | G56: TEXTO | O56: No
A58: 5 | B58: Tabla | C58: =B8 -> publicacion | G58: Descripción Tabla | K58: =F8 -> Compartir preguntas sobre tareas, recursos útiles, noticias de la industria tecnológica o incluso memes relevantes para la vida universitaria, entre otros. Las ingresa el usuario participante. | X58: Versión | Y58: 1
A59: # | B59: Campo | C59: Descripción Campo | G59: Tipo Dato (Genérico) | K59: Tamaño / Longitud | O59: Nulo | R59: PK | T59: FK | V59: UK | X59: Nota/Comentarios
A60: 1 | B60: id_publicacion | C60: Identificador de la publicación. | G60: AUTOINCREMENTABLE | R60: s
A61: 2 | B61: id_usuario | C61: Usuario que hace la publicación. | G61: ENTERO | T61: s
A62: 3 | B62: contenido | C62: Texto de la publicación. | G62: TEXTO | O62: No
A63: 4 | B63: fecha | C63: Fecha de publicación. | G63: FECHA | O63: No
A65: 6 | B65: Tabla | C65: =B9 -> comentario | G65: Descripción Tabla | K65: =F9 -> Comentarios que se hacen a las publicaciones. Ejemplo: un estudiante publica una nota sobre la participación de Colombia en el Mundial de Fútbol; otros usuarios pueden comentar esta publicación | X65: Versión | Y65: 1
A66: # | B66: Campo | C66: Descripción Campo | G66: Tipo Dato (Genérico) | K66: Tamaño / Longitud | O66: Nulo | R66: PK | T66: FK | V66: UK | X66: Nota/Comentarios
A67: 1 | B67: id_comentario | C67: Identificador del comentario. | G67: AUTOINCREMENTABLE | R67: s
A68: 2 | B68: id_usuario | C68: Persona que realiza el comentario. | G68: ENTERO | T68: s
A69: 3 | B69: id_publicacion | C69: Publicación en la cual está el comentario. | G69: ENTERO | T69: s
A70: 4 | B70: contenido | C70: Texto del comentario. | G70: TEXTO | O70: No
A71: 5 | B71: fecha | C71: fecha del comentario. | G71: FECHA | O71: No
A73: 7 | B73: Tabla | C73: =B10 -> grupo | G73: Descripción Tabla | K73: =F10 -> Los grupos pueden ser de estudio para materias específicas, equipos para hackatones o clubes de interés (videojuegos, programación competitiva, etc.). También los empleados pueden tener sus grupos así como los docentes y los empresarios. Un grupo debe tener asociado un “Perfil”. Los ingresa el usuario participante. | X73: Versión | Y73: 1
A74: # | B74: Campo | C74: Descripción Campo | G74: Tipo Dato (Genérico) | K74: Tamaño / Longitud | O74: Nulo | R74: PK | T74: FK | V74: UK | X74: Nota/Comentarios
A75: 1 | B75: id_grupo | C75: Identificador del perfil. | G75: AUTOINCREMENTABLE | R75: s
A76: 2 | B76: id_perfil | C76: Usuario al que pertenece el perfil. | G76: ENTERO | T76: s
A77: 3 | B77: nombre_grupo | C77: Texto breve que es contenido por el perfil. | G77: TEXTO_CORTO | O77: No
A79: 8 | B79: Tabla | C79: =B11 -> servicio | G79: Descripción Tabla | K79: =F11 -> Cambalache, cursos, tutorías, mantenimiento de vehículos, eventos, entre otros. Los tipos de servicio los registra el usuario con rol de administrador o auxiliar (si se le concede el permiso para esto). NOTA: Es general para todos. Sirve para clasificación y estadística. Los ingresa el Usuario con Rol de Administrador | X79: Versión | Y79: 1
A80: # | B80: Campo | C80: Descripción Campo | G80: Tipo Dato (Genérico) | K80: Tamaño / Longitud | O80: Nulo | R80: PK | T80: FK | V80: UK | X80: Nota/Comentarios
A81: 1 | B81: id_servicio | C81: Identificador del servicio. | G81: AUTOINCREMENTABLE | R81: s
A82: 2 | B82: id_tipo_servicio | C82: Clasificación del servicio. | G82: ENTERO | T82: s
A83: 3 | B83: id_usuario | C83: Usuario que accede al servicio o que lo ofrece. | G83: ENTERO | T83: s
A84: 4 | B84: precio | C84: Precio del servicio. | G84: DECIMAL | O84: No
A85: 5 | B85: descripcion | C85: Descripción del servicio que se ofrece o accede. | G85: TEXTO | O85: No
A87: 9 | B87: Tabla | C87: =B46 | G87: Descripción Tabla | K87: =F46 | X87: Versión | Y87: 1
A88: # | B88: Campo | C88: Descripción Campo | G88: Tipo Dato (Genérico) | K88: Tamaño / Longitud | O88: Nulo | R88: PK | T88: FK | V88: UK | X88: Nota/Comentarios
A89: 1 | B89: id_tipo_servicio | C89: Clasificación del servicio. | G89: AUTOINCREMENTABLE | R89: s
A90: 2 | B90: nombre_tipo | C90: Tipo de servicio. | G90: ENTERO | T90: s
A92: 10 | B92: Tabla | C92: =B13 -> producto | G92: Descripción Tabla | K92: =F13 -> Libros, motocicleta, ropa, ticket para concierto, entre otros. Sirve para clasificación y estadística. Sirve para clasificación y estadística. Los ingresa el Usuario con Rol de Administrador. | X92: Versión | Y92: 1
A93: # | B93: Campo | C93: Descripción Campo | G93: Tipo Dato (Genérico) | K93: Tamaño / Longitud | O93: Nulo | R93: PK | T93: FK | V93: UK | X93: Nota/Comentarios
A94: 1 | B94: id_producto | C94: Identificador del producto. | G94: AUTOINCREMENTABLE | R94: s
A95: 2 | B95: id_usuario | C95: Usuario que ofrece el producto. | G95: ENTERO | T95: s
A96: 3 | B96: id_tipo_producto | C96: Clasificación del producto. | G96: ENTERO | T96: s
A97: 4 | B97: descripcion | C97: Descripción del producto. | G97: TEXTO | O97: No
A98: 5 | B98: precio | C98: Precio del producto. | G98: DECIMAL | O98: No
A100: 11 | B100: Tabla | C100: =B14 -> tipo_producto | G100: Descripción Tabla | K100: =F14 -> Los usuarios pueden postear productos para la venta y otros usuarios pueden comprar. El producto debe tener asociado un “Tipo de Producto”. Sigue el mismo formato de los servicios y tipos de servicio. Los ingresa el usuario participante. | X100: Versión | Y100: 1
A101: # | B101: Campo | C101: Descripción Campo | G101: Tipo Dato (Genérico) | K101: Tamaño / Longitud | O101: Nulo | R101: PK | T101: FK | V101: UK | X101: Nota/Comentarios
A102: 1 | B102: id_tipo_producto | C102: Clasificación del producto. | G102: AUTOINCREMENTABLE | R102: s
A103: 2 | B103: nombre_tipo | C103: Tipo de producto. | G103: ENTERO | T103: s
A105: 12 | B105: Tabla | C105: =B15 -> evento | G105: Descripción Tabla | K105: =F15 -> Al igual que los anteriores casos de servicio y productos, se cumple lo mismo. El usuario Administrador ingresa los tipos de evento. Sirve para clasificación y estadística. Los ingresa el Usuario con Rol de Administrador | X105: Versión | Y105: 1
A106: # | B106: Campo | C106: Descripción Campo | G106: Tipo Dato (Genérico) | K106: Tamaño / Longitud | O106: Nulo | R106: PK | T106: FK | V106: UK | X106: Nota/Comentarios
A107: 1 | B107: id_evento | C107: Identificador del evento. | G107: AUTOINCREMENTABLE | R107: s
A108: 2 | B108: id_tipo_evento | C108: Clasificación del evento. | G108: ENTERO | T108: s
A109: 3 | B109: id_usuario | C109: Usuario el cual accede o organiza un evento. | G109: ENTERO | T109: s
A110: 4 | B110: descripcion | C110: Texto del evento. | G110: TEXTO | O110: No
A111: 5 | B111: fecha | C111: Fecha del evento. | G111: FECHA | O111: No
A113: 13 | B113: Tabla | C113: =B16 -> tipo_evento | G113: Descripción Tabla | K113: =F16 -> Los eventos pueden ser reuniones de estudio, talleres, actividades sociales, concursos de empleo, conferencias de los docentes, entre otros. El evento debe tener asociado un tipo de evento. El usuario que publica el evento es diferente a los usuarios que participan en el mismo. Los ingresa el usuario participante. | X113: Versión | Y113: 1
A114: # | B114: Campo | C114: Descripción Atributo | G114: Tipo Dato (Genérico) | K114: Tamaño / Longitud | O114: Nulo | R114: PK | T114: FK | V114: UK | X114: Nota/Comentarios
...
